x,series_1,series_2
1,0.732806,0.711095
1.25,0.924786,1.2469
1.5,1.17393,1.92566
1.75,1.43063,2.82829
2,1.8408,3.975
2.25,2.26003,5.2566
2.5,2.85492,6.98275
2.75,3.63253,8.73238
3,4.41571,10.8629
3.25,5.66485,13.5351
3.5,7.07749,16.2682
3.75,8.85555,19.3593
4,10.806,22.6698
4.25,13.6629,26.2026
4.5,17.497,29.7857
4.75,21.8985,34.4466
5,27.225,39.5099
5.25,33.4304,43.3941
5.5,43.194,49.1162
5.75,54.0449,55.7705
6,65.18,60.9947
